box_0,box_1,box_2,box_3,box_4,box_5,box_6,box_7,box_8,box_9,box_10,box_11
3.66653373, 3.50544049, 3.33684606, 3.2857929 , 3.57251647,3.46195162, 3.38626567, 3.30816263, 3.06362827, 3.24956497,3.22268432, 2.99829528